{
  "$schema": "http://json-schema.org/draft-07/schema#",
  "title": "ExecuteMsg",
  "oneOf": [
    {
      "type": "object",
      "required": [
        "freeze_token"
      ],
      "properties": {
        "freeze_token": {
          "type": "object",
          "required": [
            "amount"
          ],
          "properties": {
            "amount": {
              "$ref": "#/definitions/Uint128"
            }
          },
          "additionalProperties": false
        }
      },
      "additionalProperties": false
    },
    {
      "type": "object",
      "required": [
        "unfreeze_token"
      ],
      "properties": {
        "unfreeze_token": {
          "type": "object",
          "required": [
            "amount"
          ],
          "properties": {
            "amount": {
              "$ref": "#/definitions/Uint128"
            }
          },
          "additionalProperties": false
        }
      },
      "additionalProperties": false
    },
    {
      "type": "object",
      "required": [
        "transfer"
      ],
      "properties": {
        "transfer": {
          "type": "object",
          "required": [
            "amount",
            "countrycode",
            "reciever"
          ],
          "properties": {
            "amount": {
              "$ref": "#/definitions/Uint128"
            },
            "countrycode": {
              "type": "integer",
              "format": "uint128",
              "minimum": 0.0
            },
            "reciever": {
              "type": "string"
            }
          },
          "additionalProperties": false
        }
      },
      "additionalProperties": false
    },
    {
      "type": "object",
      "required": [
        "freeze_account"
      ],
      "properties": {
        "freeze_account": {
          "type": "object",
          "required": [
            "account"
          ],
          "properties": {
            "account": {
              "type": "string"
            }
          },
          "additionalProperties": false
        }
      },
      "additionalProperties": false
    },
    {
      "type": "object",
      "required": [
        "remove_shareholder"
      ],
      "properties": {
        "remove_shareholder": {
          "type": "object",
          "required": [
            "account"
          ],
          "properties": {
            "account": {
              "type": "string"
            }
          },
          "additionalProperties": false
        }
      },
      "additionalProperties": false
    }
  ],
  "definitions": {
    "Uint128": {
      "description": "A thin wrapper around u128 that is using strings for JSON encoding/decoding, such that the full u128 range can be used for clients that convert JSON numbers to floats, like JavaScript and jq.\n\n# Examples\n\nUse `from` to create instances of this and `u128` to get the value out:\n\n``` # use cosmwasm_std::Uint128; let a = Uint128::from(123u128); assert_eq!(a.u128(), 123);\n\nlet b = Uint128::from(42u64); assert_eq!(b.u128(), 42);\n\nlet c = Uint128::from(70u32); assert_eq!(c.u128(), 70); ```",
      "type": "string"
    }
  }
}
