{
  "$schema": "http://json-schema.org/draft-07/schema#",
  "title": "InstantiateMsg",
  "type": "object",
  "required": [
    "authorised_countries",
    "initial_balances",
    "max_hold_balance",
    "max_supply",
    "name",
    "share_holders",
    "symbol"
  ],
  "properties": {
    "authorised_countries": {
      "type": "array",
      "items": {
        "type": "integer",
        "format": "uint128",
        "minimum": 0.0
      }
    },
    "initial_balances": {
      "type": "array",
      "items": {
        "$ref": "#/definitions/InitialBalance"
      }
    },
    "max_hold_balance": {
      "type": "integer",
      "format": "uint128",
      "minimum": 0.0
    },
    "max_supply": {
      "type": "integer",
      "format": "uint128",
      "minimum": 0.0
    },
    "name": {
      "type": "string"
    },
    "share_holders": {
      "type": "array",
      "items": {
        "type": "string"
      }
    },
    "symbol": {
      "type": "string"
    }
  },
  "additionalProperties": false,
  "definitions": {
    "InitialBalance": {
      "type": "object",
      "required": [
        "address",
        "amount",
        "freeze_amount"
      ],
      "properties": {
        "address": {
          "type": "string"
        },
        "amount": {
          "$ref": "#/definitions/Uint128"
        },
        "freeze_amount": {
          "$ref": "#/definitions/Uint128"
        }
      },
      "additionalProperties": false
    },
    "Uint128": {
      "description": "A thin wrapper around u128 that is using strings for JSON encoding/decoding, such that the full u128 range can be used for clients that convert JSON numbers to floats, like JavaScript and jq.\n\n# Examples\n\nUse `from` to create instances of this and `u128` to get the value out:\n\n``` # use cosmwasm_std::Uint128; let a = Uint128::from(123u128); assert_eq!(a.u128(), 123);\n\nlet b = Uint128::from(42u64); assert_eq!(b.u128(), 42);\n\nlet c = Uint128::from(70u32); assert_eq!(c.u128(), 70); ```",
      "type": "string"
    }
  }
}
