{
  "$schema": "http://json-schema.org/draft-07/schema#",
  "title": "QueryMsg",
  "oneOf": [
    {
      "type": "object",
      "required": [
        "balance"
      ],
      "properties": {
        "balance": {
          "type": "object",
          "required": [
            "address"
          ],
          "properties": {
            "address": {
              "type": "string"
            }
          },
          "additionalProperties": false
        }
      },
      "additionalProperties": false
    },
    {
      "type": "object",
      "required": [
        "frozen_balance"
      ],
      "properties": {
        "frozen_balance": {
          "type": "object",
          "required": [
            "address"
          ],
          "properties": {
            "address": {
              "type": "string"
            }
          },
          "additionalProperties": false
        }
      },
      "additionalProperties": false
    },
    {
      "type": "object",
      "required": [
        "share_holders"
      ],
      "properties": {
        "share_holders": {
          "type": "object",
          "additionalProperties": false
        }
      },
      "additionalProperties": false
    }
  ]
}
